{
  "patch": [
    {
      "title": "The Outer Worlds",
      "app_titleid": [ "CUSA16285", "CUSA13689" ],
      "app_ver": "01.08",
      "app_elf": "eboot.bin",
      "patch_ver": "1.0",
      "name": "60 FPS Unlock",
      "author": "illusion",
      "note": "",
      "patch_list": [
        { "type": "bytes", "addr": "0x0291c976", "value": "48e829fbffff" },
        { "type": "bytes", "addr": "0x0291c4a5", "value": "b801000000" },
        { "type": "bytes", "addr": "0x0291c4aa", "value": "83f803" },
        { "type": "bytes", "addr": "0x0291c4ad", "value": "c3" }
      ]
    },
    {
      "title": "The Outer Worlds",
      "app_titleid": [ "CUSA16285", "CUSA13689" ],
      "app_ver": "01.08",
      "app_elf": "eboot.bin",
      "patch_ver": "1.0",
      "name": "Resolution Patch (720p)",
      "author": "illusion",
      "note": "",
      "patch_list": [
        { "type": "bytes", "addr": "0x046e3cf6", "value": "e8c7000000" },
        { "type": "bytes", "addr": "0x046e3dc2", "value": "c7048b00008642" },
        { "type": "bytes", "addr": "0x046e3dc9", "value": "c5fa10048b" },
        { "type": "bytes", "addr": "0x046e3dce", "value": "c3" }
      ]
    }]}
