{
  "patch": [
    {
      "title": "Lost Judgment",
      "app_titleid": [ "CUSA28183" ],
      "app_ver": "01.11",
      "app_elf": "eboot.bin",
      "patch_ver": "1.0",
      "name": "60 FPS",
      "author": "illusion",
      "note": "",
      "patch_list": [
        { "type": "bytes", "addr": "0x01f9dca9", "value": "be00000000" }
      ]
    },
    {
      "title": "Lost Judgment",
      "app_titleid": [ "CUSA28183" ],
      "app_ver": "01.11",
      "app_elf": "eboot.bin",
      "patch_ver": "1.0",
      "name": "Virtua Fighter 5 Unlocker",
      "author": "Silent, illusion",
      "note": "Turns \"Virtua Fighter 5: Final Showdown\" in Club SEGA into full game!\nMore details: https://cookieplmonster.github.io/2021/04/19/virtua-fighter-5-final-showdown-unlocker/",
      "patch_list": [
        { "type": "bytes16", "addr": "0x01c63304", "value": "0x0000" }
      ]
    }]}
