{
  "patch": [
    {
      "title": "The Order 1886",
      "app_titleid": [ "CUSA00035", "CUSA00670" ],
      "app_ver": "01.02",
      "app_elf": "eboot.bin",
      "patch_ver": "1.0",
      "name": "60 FPS Unlock",
      "author": "illusion",
      "note": "",
      "patch_list": [
        { "type": "byte", "addr": "0x008507c4", "value": "0x01" }
      ]
    },
    {
      "title": "The Order 1886",
      "app_titleid": [ "CUSA00035", "CUSA00670" ],
      "app_ver": "01.02",
      "app_elf": "eboot.bin",
      "patch_ver": "1.0",
      "name": "Resolution Patch (900p)",
      "author": "illusion",
      "note": "",
      "patch_list": [
        { "type": "byte", "addr": "0x0084cef5", "value": "0x75" },
        { "type": "bytes32", "addr": "0x0084cefd", "value": "0x00000640" },
        { "type": "bytes32", "addr": "0x0084cf07", "value": "0x00000384" }
      ]
    },
    {
      "title": "The Order 1886",
      "app_titleid": [ "CUSA00035", "CUSA00670" ],
      "app_ver": "01.02",
      "app_elf": "eboot.bin",
      "patch_ver": "1.0",
      "name": "Resolution Patch (720p)",
      "author": "illusion",
      "note": "",
      "patch_list": [
        { "type": "byte", "addr": "0x0084cef5", "value": "0x75" },
        { "type": "bytes32", "addr": "0x0084cefd", "value": "0x00000500" },
        { "type": "bytes32", "addr": "0x0084cf07", "value": "0x000002d0" }
      ]
    },
    {
      "title": "The Order 1886",
      "app_titleid": [ "CUSA00035", "CUSA00670" ],
      "app_ver": "01.02",
      "app_elf": "eboot.bin",
      "patch_ver": "1.0",
      "name": "16:9 Aspect Ratio (Full Screen)",
      "author": "illusion",
      "note": "Native 1080p will cause visual issues, 900p or below must be used.",
      "patch_list": [
        { "type": "bytes32", "addr": "0x0084ce8c", "value": "0x3fe38e39" }
      ]
    }]}
