{
  "patch": [
    {
      "title": "Alien: Isolation",
      "app_titleid": [ "CUSA00363" ],
      "app_ver": "01.04",
      "app_elf": "eboot.bin",
      "patch_ver": "1.0",
      "name": "Skip Save Confirm Screen",
      "author": "ThirteenAG, illusion",
      "note": "A port of ThirteenAG patch. https://github.com/ThirteenAG/AlienIsolation.SkipSaveConfirmationDialog",
      "patch_list": [
        { "type": "byte", "addr": "0x00597e0a", "value": "0xeb" }
      ]
    },
    {
      "title": "Alien: Isolation",
      "app_titleid": [ "CUSA00363" ],
      "app_ver": "01.04",
      "app_elf": "eboot.bin",
      "patch_ver": "1.0",
      "name": "Custom FOV (100.0)",
      "author": "illusion",
      "note": "",
      "patch_list": [
        { "type": "bytes", "addr": "0x0055b8c6", "value": "e83a841d00" },
        { "type": "bytes", "addr": "0x00733d05", "value": "c78421380000000000c842c5fa104138c3" }
      ]
    }]}
