{
  "patch": [
    {
      "title": "Assassin's Creed: Unity",
      "app_titleid": [ "CUSA00663" ],
      "app_ver": "01.05",
      "app_elf": "eboot.bin",
      "patch_ver": "1.0",
      "name": "Skip Intro",
      "author": "illusion",
      "note": "",
      "patch_list": [
        { "type": "bytes", "addr": "0x03ffaadb", "value": "0f85" }
      ]
    },
    {
      "title": "Assassin's Creed: Unity",
      "app_titleid": [ "CUSA00663" ],
      "app_ver": "01.05",
      "app_elf": "eboot.bin",
      "patch_ver": "1.0",
      "name": "60 FPS Unlock",
      "author": "illusion",
      "note": "",
      "patch_list": [
        { "type": "bytes", "addr": "0x042f034e", "value": "be00000000" }
      ]
    },
    {
      "title": "Assassin's Creed: Unity",
      "app_titleid": [ "CUSA00663" ],
      "app_ver": "01.05",
      "app_elf": "eboot.bin",
      "patch_ver": "1.0",
      "name": "Resolution Patch (1080p)",
      "author": "illusion",
      "note": "",
      "patch_list": [
        { "type": "bytes32", "addr": "0x042f3a19", "value": "0x00000780" },
        { "type": "bytes32", "addr": "0x042f3a0b", "value": "0x00000438" }
      ]
    },
    {
      "title": "Assassin's Creed: Unity",
      "app_titleid": [ "CUSA00663" ],
      "app_ver": "01.05",
      "app_elf": "eboot.bin",
      "patch_ver": "1.0",
      "name": "Resolution Patch (900p)",
      "author": "illusion",
      "note": "",
      "patch_list": [
        { "type": "bytes32", "addr": "0x042f3a19", "value": "0x00000640" },
        { "type": "bytes32", "addr": "0x042f3a0b", "value": "0x00000384" }
      ]
    },
    {
      "title": "Assassin's Creed: Unity",
      "app_titleid": [ "CUSA00663" ],
      "app_ver": "01.05",
      "app_elf": "eboot.bin",
      "patch_ver": "1.0",
      "name": "Resolution Patch (720p)",
      "author": "illusion",
      "note": "",
      "patch_list": [
        { "type": "bytes32", "addr": "0x042f3a19", "value": "0x00000500" },
        { "type": "bytes32", "addr": "0x042f3a0b", "value": "0x000002d0" }
      ]
    }]}
