{
  "patch": [
    {
      "title": "Daymare 1998",
      "app_titleid": [ "CUSA17157" ],
      "app_ver": "01.00",
      "app_elf": "eboot.bin",
      "patch_ver": "1.0",
      "name": "60 FPS Unlock",
      "author": "illusion",
      "note": "",
      "patch_list": [
        { "type": "byte", "addr": "0x02988177", "value": "0x75" }
      ]
    },
    {
      "title": "Daymare 1998",
      "app_titleid": [ "CUSA17157" ],
      "app_ver": "01.00",
      "app_elf": "eboot.bin",
      "patch_ver": "1.0",
      "name": "30 FPS Fix",
      "author": "illusion",
      "note": "",
      "patch_list": [
        { "type": "byte", "addr": "0x02988177", "value": "0x75" },
        { "type": "bytes", "addr": "0x01281d82", "value": "67e80ffb6e019090" },
        { "type": "bytes", "addr": "0x02971897", "value": "41c7048e02000000418b1c8ec5eb2ac3c3" }
      ]
    },
    {
      "title": "Daymare 1998",
      "app_titleid": [ "CUSA17157" ],
      "app_ver": "01.00",
      "app_elf": "eboot.bin",
      "patch_ver": "1.0",
      "name": "Resolution Patch (720p)",
      "author": "illusion",
      "note": "",
      "patch_list": [
        { "type": "bytes", "addr": "0x02291945", "value": "e830ff6d00" },
        { "type": "bytes", "addr": "0x0229207a", "value": "48e808f86d00" },
        { "type": "bytes", "addr": "0x02971870", "value": "48e9954422fe47ede370c7410455558541c5fa106104eb0e41c7048e00008642c4c17a10048ec3" }
      ]
    }]}
