{
  "patch": [
    {
      "title": "Skyrim",
      "app_titleid": [ "CUSA05333" ],
      "app_ver": "01.17",
      "app_elf": "eboot.bin",
      "patch_ver": "1.0",
      "name": "60 FPS Unlock",
      "author": "illusion",
      "note": "",
      "patch_list": [
        { "type": "bytes32", "addr": "0x013a3a55", "value": "0x00000001" }
      ]
    },
    {
      "title": "Skyrim",
      "app_titleid": [ "CUSA05333" ],
      "app_ver": "01.17",
      "app_elf": "eboot.bin",
      "patch_ver": "1.0",
      "name": "Resolution Patch (720p for Base)",
      "author": "illusion",
      "note": "",
      "patch_list": [
        { "type": "bytes32", "addr": "0x016695ab", "value": "0x00000500" },
        { "type": "bytes32", "addr": "0x016695af", "value": "0x000002d0" }
      ]
    }]}
