{
  "patch": [
    {
      "title": "Grand Theft Auto V",
      "app_titleid": [ "CUSA00419", "CUSA00411", "CUSA00880" ],
      "app_ver": "01.00",
      "app_elf": "eboot.bin",
      "patch_ver": "1.0",
      "name": "60 FPS Unlock",
      "author": "illusion",
      "note": "CPU Limited.",
      "patch_list": [
        { "type": "bytes", "addr": "0x00e6bf3d", "value": "bf01000000" }
      ]
    },
    {
      "title": "Grand Theft Auto V",
      "app_titleid": [ "CUSA00419", "CUSA00411", "CUSA00880" ],
      "app_ver": "01.38",
      "app_elf": "eboot.bin",
      "patch_ver": "1.0",
      "name": "60 FPS Unlock",
      "author": "illusion, GraFfiX_221211",
      "note": "CPU Limited.",
      "patch_list": [
        { "type": "byte", "addr": "0x01533b5e", "value": "0x01" }
      ]
    },
    {
      "title": "Grand Theft Auto V",
      "app_titleid": [ "CUSA00419", "CUSA00411", "CUSA00880" ],
      "app_ver": "01.38",
      "app_elf": "eboot.bin",
      "patch_ver": "1.0",
      "name": "Skip Intro",
      "author": "illusion",
      "note": "",
      "patch_list": [
        { "type": "byte", "addr": "0x0333a794", "value": "0x00" },
        { "type": "byte", "addr": "0x02c6afb8", "value": "0x00" }
      ]
    }]}
