{
  "patch": [
    {
      "title": "Batman: Arkham Knight",
      "app_titleid": [ "CUSA00133" ],
      "app_ver": "01.15",
      "app_elf": "eboot.bin",
      "patch_ver": "1.0",
      "name": "60 FPS Unlock",
      "author": "illusion",
      "note": "",
      "patch_list": [
        { "type": "bytes", "addr": "0x009fa57e", "value": "be00000000" },
        { "type": "bytes", "addr": "0x009fb766", "value": "41bc04000000" },
        { "type": "bytes", "addr": "0x009fb9e1", "value": "0f85a9000000" }
      ]
    },
    {
      "title": "Batman: Arkham Knight",
      "app_titleid": [ "CUSA00133" ],
      "app_ver": "01.15",
      "app_elf": "eboot.bin",
      "patch_ver": "1.0",
      "name": "Resolution Patch (720p)",
      "author": "illusion",
      "note": "",
      "patch_list": [
        { "type": "bytes32", "addr": "0x02b04014", "value": "0x00000500" },
        { "type": "bytes32", "addr": "0x02b04018", "value": "0x000002d0" }
      ]
    }]}
